{"z_mean":[20.054733,-12.585827,22.289701,-6.1849694,1.0300275,-15.632019,-2.8720248,-10.425392,1.2780157,-9.791368,1.4622853,-5.788578,0.59228474,-4.7574606,2.2876055,-4.846043,0.27733758,-2.5095506,-0.64344734,-3.6836305,0.17186232,5.6102066],"z_std":[59.346554,25.803877,17.375837,14.113771,9.870823,8.996344,7.8636146,7.1760845,6.3214045,6.0874715,5.735235,4.6625934,4.6748147,4.1911883,4.0379057,4.051924,3.7332325,3.4741879,3.625866,3.0439172,0.12175303,2.4404223],"classes":["HihatNoise","BilabialPlosive","Click"],"means":[[-0.622432,-0.4491964,0.5393191,0.25995287,0.19743149,-0.1715649,-0.35004175,-0.2690619,0.026380768,0.07201766,0.0624927,-0.14517877,-0.023845285,0.06767594,0.033659674,0.1280271,0.12906387,0.0043646498,0.035116505,0.06235037,0.5367181,-0.035334338],[0.95882386,0.99039733,-0.3949075,0.062399264,-0.12922232,0.16518477,0.28953972,0.5926566,0.043812364,-0.31832904,-0.46638697,-0.1954976,-0.10845712,0.15536724,0.23502919,0.10559806,-0.2951575,-0.17881963,-0.056435615,0.14257815,-0.85934573,-0.095561154],[0.04529454,-0.30874005,-0.53794277,-0.54844385,-0.21447809,0.12585779,0.3111287,-0.18425786,-0.09853931,0.23204021,0.41890025,0.49008414,0.1678438,-0.30194366,-0.33066347,-0.3557625,0.100831695,0.19657399,0.00012210614,-0.27753678,-0.0018011017,0.17417766]],"vars":[[0.6284591,0.6670619,0.84017885,1.2555604,1.1247556,1.0596372,0.9818644,0.72031015,0.8924194,0.872204,0.79711056,0.8974128,0.768004,0.75795364,0.78757703,0.7107831,0.7527373,0.7681959,0.71146065,0.74697256,0.8568497,0.5806672],[0.36863998,0.46854138,0.39905128,0.4343011,0.84754455,1.0639725,0.8021781,1.0277998,1.163041,1.0912534,0.9962263,0.86273944,1.0970725,1.2276264,1.2349511,1.1954805,1.0042318,1.087258,1.3942729,1.2615774,0.43838534,1.3632437],[0.6393309,0.6312121,0.97924197,0.7489578,0.80883247,0.7162932,0.84202534,0.9128261,0.9977232,0.95083123,0.945158,1.0227202,1.27202,1.0565876,0.94642085,1.1377094,1.3085259,1.2503029,1.0725316,1.0576657,0.53170085,1.3108908]],"log_priors":[-0.7739573,-1.2464924,-1.3810916]}